ID,Book,Place Identified,Sentence,Place Check,Place Final,Coordinates Final
7,MVLL Cinco esquinas - FINAL,Arequipa,"No habría problema, Quique había partido a Arequipa por el directorio de mañana temprano en la cervecería, eran dueñas del departamento del Golf.",Valid,Arequipa,"{-16.39, -71.53}"
8,MVLL Cinco esquinas - FINAL,Arequipa,"Y todavía a eso del mediodía, cuando llegó Quique de Arequipa y le trajo las consabidas pastitas de La Ibérica y la bolsa de rocotos, mientras lo besaba y le preguntaba cómo le había ido en el directorio de la cervecería —«Bien, bien, gringuita, hemos decidido dejar de mandar cervezas a Ayacucho, no sale a cuenta, los cupos que nos piden los terroristas y los seudoterroristas nos están arruinando»—, ella seguía preguntándose: «¿Y por qué Chabela no me hizo la menor alusión y se fue como si no hubiera pasado nada?",Valid,Arequipa,"{-16.39, -71.53}"
39,MVLL Cinco esquinas - FINAL,avenida Abancay,"No era una larguísima caminata desde allí hasta
los Barrios Altos; subía por toda la avenida Abancay y, contorneando la Plaza de la
Inquisición y el Congreso de la República, remontaba el jirón Junín hasta cerca de
Cinco Esquinas.",Valid,Avenida Abancay,"{-12.050630855211942, -77.02824000444255}"
40,MVLL Cinco esquinas - FINAL,avenida Abancay,"Juan Peineta comenzó a remontar la avenida Abancay; a la altura del Congreso
voltearía hacia el sinuoso y largo jirón Junín, al cabo del cual llegaría a Cinco
Esquinas, donde vivía Willy: por lo menos ese recorrido lo recordaba muy bien.",Valid,Avenida Abancay,"{-12.050630855211942, -77.02824000444255}"
41,MVLL Cinco esquinas - FINAL,avenida Argentina,"En esa época los carritos de los emolienteros estaban por doquier en el centro de la ciudad, sobre todo a la entrada de las fábricas, en los alrededores de la Plaza Dos de Mayo y a lo largo de la avenida Argentina.",Valid,Avenida Argentina,"{-12.047074107402773, -77.08430976026237}"
42,MVLL Cinco esquinas - FINAL,avenida Arica,"Ella lo había acompañado mil veces de niña y
adolescente en sus recorridos jalando el carrito con los grandes tarros de emoliente
preparados por él mismo y Cojinova en la pequeña quinta donde vivían entonces, en
Breña, al final de la avenida Arica, allí donde terminaba la parte antigua de la ciudad
y empezaban los descampados que se alargaban hasta La Perla, Bellavista y el Callao.",Valid,Avenida Arica,"{-12.056435374136496, -77.05413889095061}"
43,MVLL Cinco esquinas - FINAL,avenida España,"Éste, pese a ser ya cerca de las siete de la noche, los
recibió en el acto en su despacho, en la avenida España.",Valid,Avenida España,"{-12.05786742202508, -77.04076508909822}"
44,MVLL Cinco esquinas - FINAL,avenida Grau,"Una ausencia
La Retaquita se preparaba siempre el desayuno frugal de cada día —un café con
leche y una galleta de maicena—, pero hoy, no sabía por qué, tuvo el impulso de
tomarlo en un cafetín de Cinco Esquinas situado frente al paradero del ómnibus que,
cada mañana, luego de media hora o cuarenta y cinco minutos de zangoloteo y
apretones, la llevaba por la larguísima avenida Grau, el Zanjón y la Panamericana
hasta Surquillo, en las vecindades de Destapes.",Valid,Avenida Grau,"{-12.063777134062072, -77.1439741756062}"
45,MVLL Cinco esquinas - FINAL,avenida Grau,"Sólo cuando estuvo sentada en el asiento trasero del auto y éste arrancó rumbo a
la avenida Grau, la Retaquita tuvo ánimos para preguntar algo que sospechaba:",Valid,Avenida Grau,"{-12.063777134062072, -77.1439741756062}"
46,MVLL Cinco esquinas - FINAL,avenida Grau,"Hicieron
todo el recorrido por calles a oscuras y por fin ella reconoció la avenida Grau, a la
altura del Hospital Dos de Mayo.",Valid,Avenida Grau,"{-12.063777134062072, -77.1439741756062}"
47,MVLL Cinco esquinas - FINAL,avenida Grau,"El auto no fue hacia el centro de Lima; dobló por la Plaza Italia, bajó por el jirón
Huanta hasta la avenida Grau y luego, ante su sorpresa, tomó la Panamericana,
rumbo a las playas.",Valid,Avenida Grau,"{-12.063777134062072, -77.1439741756062}"
48,MVLL Cinco esquinas - FINAL,avenida Tacna,"En la inauguración de esa boite que no duró mucho, El Pingüino, en un sótano de la avenida Tacna, a la que habían invitado a Rolando.",Valid,Avenida Tacna,"{-12.045327221091828, -77.03683459095086}"
49,MVLL Cinco esquinas - FINAL,Ayacucho,"Y todavía a eso del mediodía, cuando llegó Quique de Arequipa y le trajo
las consabidas pastitas de La Ibérica y la bolsa de rocotos, mientras lo besaba y le
preguntaba cómo le había ido en el directorio de la cervecería —«Bien, bien,
gringuita, hemos decidido dejar de mandar cervezas a Ayacucho, no sale a cuenta, los
cupos que nos piden los terroristas y los seudoterroristas nos están arruinando»—,
ella seguía preguntándose: «¿Y por qué Chabela no me hizo la menor alusión y se fue
como si no hubiera pasado nada?",Valid,Ayacucho,"{-13.17, -74.22}"
50,MVLL Cinco esquinas - FINAL,Barrios Altos,"En el hospicio en que su madre lo abandonó le pusieron
Lázaro como nombre de pila, porque, al parecer, fue en el día de San Lázaro cuando
las monjitas del convento de Las Descalzas lo encontraron en el suelo lloriqueando, a
la entrada de la institución que regentaban, en la esquina de los jirones Junín y
Huánuco, en los Barrios Altos de Lima.",Valid,Barrios Altos,"{-12.050573610799256, -77.02849128883724}"
51,MVLL Cinco esquinas - FINAL,Barrios Altos,"Juan sólo lo había conocido por las historias y anécdotas de su padre,
quien, pese a no ser cantante ni tocar instrumento alguno, había frecuentado la
bohemia y las peñas criollas de los Barrios Altos.",Valid,Barrios Altos,"{-12.050573610799256, -77.02849128883724}"
52,MVLL Cinco esquinas - FINAL,Barrios Altos,"Cuando Juan Peineta y Atanasia se casaron, fueron a depositar el ramito de
gardenias de la novia al pie de la estatua que inmortalizaba al bardo criollo frente a la
casita donde nació, en la cuadra 14 del jirón Junín, a pocos pasos de las Cinco
Esquinas, el ombligo de los Barrios Altos.",Valid,Barrios Altos,"{-12.050573610799256, -77.02849128883724}"
53,MVLL Cinco esquinas - FINAL,Barrios Altos,"No era una larguísima caminata desde allí hasta
los Barrios Altos; subía por toda la avenida Abancay y, contorneando la Plaza de la
Inquisición y el Congreso de la República, remontaba el jirón Junín hasta cerca de
Cinco Esquinas.",Valid,Barrios Altos,"{-12.050573610799256, -77.02849128883724}"
54,MVLL Cinco esquinas - FINAL,Barrios Altos,"Salía junto a él del Hotel Mogollón,
pero, cuando advertía que Juan tomaba el rumbo de los Barrios Altos, se desvanecía
silenciosamente.",Valid,Barrios Altos,"{-12.050573610799256, -77.02849128883724}"
55,MVLL Cinco esquinas - FINAL,Barrios Altos,"Y ahora ese tipejo estaba muerto,
asesinado de esa manera atroz en los Barrios Altos.",Valid,Barrios Altos,"{-12.050573610799256, -77.02849128883724}"
56,MVLL Cinco esquinas - FINAL,Barrios Altos,"—Me llamó para decirme que lo habían encontrado asesinado a cuchillazos y con
la cara destrozada en un muladar de Cinco Esquinas, allá en los Barrios Altos, en la
puerta de un garito de timberos —le explicó Luciano—.",Valid,Barrios Altos,"{-12.050573610799256, -77.02849128883724}"
57,MVLL Cinco esquinas - FINAL,Barrios Altos,"Ni el que manejaba ni su compañero le dirigieron la
palabra durante el trayecto y a ella no dejó de llamarle la atención que conocieran
perfectamente el callejoncito agujereado de los Barrios Altos donde vivía.",Valid,Barrios Altos,"{-12.050573610799256, -77.02849128883724}"
58,MVLL Cinco esquinas - FINAL,Barrios Altos,"Tardaba cerca de una hora en llegar hasta esa encrucijada laberíntica que era
Cinco Esquinas, en el corazón de los Barrios Altos.",Valid,Barrios Altos,"{-12.050573610799256, -77.02849128883724}"
59,MVLL Cinco esquinas - FINAL,Barrios Altos,"Todavía quedaban huellas de la gran época de los Barrios Altos, la de La
Palizada, Felipe Pinglo y todos los grandes compositores y promotores de la música
criolla.",Valid,Barrios Altos,"{-12.050573610799256, -77.02849128883724}"
61,MVLL Cinco esquinas - FINAL,Breña,"Ella lo había acompañado mil veces de niña y
adolescente en sus recorridos jalando el carrito con los grandes tarros de emoliente
preparados por él mismo y Cojinova en la pequeña quinta donde vivían entonces, en
Breña, al final de la avenida Arica, allí donde terminaba la parte antigua de la ciudad
y empezaban los descampados que se alargaban hasta La Perla, Bellavista y el Callao.",Valid,Breña,"{-12.0592, -77.0506}"
74,MVLL Cinco esquinas - FINAL,Callao,"Ella lo había acompañado mil veces de niña y adolescente en sus recorridos jalando el carrito con los grandes tarros de emoliente preparados por él mismo y Cojinova en la pequeña quinta donde vivían entonces, en Breña, al final de la avenida Arica, allí donde terminaba la parte antigua de la ciudad y empezaban los descampados que se alargaban hasta La Perla, Bellavista y el Callao.",Valid,Callao,"{-12.051551957329314, -77.12532591358811}"
75,MVLL Cinco esquinas - FINAL,Callao,"Antes, cuando estaba en el Callao, ir a verlo era toda una aventura.",Valid,Callao,"{-12.051551957329314, -77.12532591358811}"
76,MVLL Cinco esquinas - FINAL,Callao,"Tenía que caminar hasta la Plaza San Martín, donde tomaba el microbús hacia el Callao.",Valid,Callao,"{-12.051551957329314, -77.12532591358811}"
77,MVLL Cinco esquinas - FINAL,Callao,"Antes, cuando vivía en el Callao, Willy tenía otro monumento cerquita de su casa: el de Sarita Colonia, la patrona de los ladrones.",Valid,Callao,"{-12.051551957329314, -77.12532591358811}"
78,MVLL Cinco esquinas - FINAL,Callao,"Durante mucho tiempo, cuatro o cinco veces al año, Juan hizo ese largo viaje desde el centro de Lima a esa barriada brava del puerto del Callao para pasar el día con su viejo amigo.",Valid,Callao,"{-12.051551957329314, -77.12532591358811}"
80,MVLL Cinco esquinas - FINAL,Callao,"—La trajeron esta madrugada del Callao, recién sacadita del mar.",Valid,Callao,"{-12.051551957329314, -77.12532591358811}"
81,MVLL Cinco esquinas - FINAL,calle Dante,"Desde su escritorio dominaba todo el cuartito
que era la redacción de la revista, una vieja casona de dos pisos en la calle Dante, de
Surquillo, y podía observar que la media docena de redactores e informantes tenían
todos las cabezas hundidas en sus computadoras o papeles; ninguno, ni siquiera
Estrellita Santibáñez, que era la más curiosa, se atrevía siquiera a volver los ojos para
espiar el mal rato que estaba haciendo pasar al fotógrafo.",Valid,Calle Dante,"{-12.11306237885034, -77.02335157560515}"
82,MVLL Cinco esquinas - FINAL,calle Dante,"Demoró tres cuartos de hora en llegar al paradero de la Panamericana, en
Surquillo, a pocas cuadras de la calle Dante.",Valid,Calle Dante,"{-12.11306237885034, -77.02335157560515}"
83,MVLL Cinco esquinas - FINAL,calle Dante,"La redacción en pleno de Destapes se trasladó a la comisaría de Surquillo, que
estaba a un paso del local de la revista, en la misma calle Dante.",Valid,Calle Dante,"{-12.11306237885034, -77.02335157560515}"
84,MVLL Cinco esquinas - FINAL,calle Irribarren,"A eso de las cinco de la tarde, la Retaquita y Ceferino fueron a tomar lonche a La
Delicia Criolla, donde la señora Mendieta, en la esquina de la calle Irribarren, no
lejos de la comisaría de Surquillo.",Valid,Calle Irribarren,"{-12.11408634013256, -77.0221474044412}"
88,MVLL Cinco esquinas - FINAL,Cantagallo,"Él y Willy eran amigos desde los tiempos en que Juan Peineta practicaba el noble
arte de la declamación y el Ruletero administraba un coliseo en el barrio de
Cantagallo, en el Rímac; allí solía contratarlo para que recitara sus poemas entre los
números de bailes y canciones andinas.",Valid,Cantagallo,"{-12.0425, -77.0158}"
89,MVLL Cinco esquinas - FINAL,Cantagallo,"Cuando yo tenía el coliseo, en
Cantagallo, Juanito venía a recitar sus poesías entre los números de música
folclórica.",Valid,Cantagallo,"{-12.0425, -77.0158}"
142,MVLL Cinco esquinas - FINAL,Carmen Alto,"Iba tres o cuatro veces por semana a almorzar al comedor popular que las
carmelitas descalzas tenían en su monasterio de Nuestra Señora del Carmen, en la
cuadra octava del jirón Junín, en Carmen Alto.",Valid / Corrected,Monasterio Nuestra Señora del Carmen,"{-12.051129971868495, -77.01931129743885}"
484,MVLL Cinco esquinas - FINAL,Chorrillos,"No pensaba mucho en esos orígenes misteriosos que eran los suyos, salvo en circunstancias excepcionales; por ejemplo, aquellos días en que en su casita de Chorrillos tenía que tomar las pastillas que lo sedaban y lo hacían dormir diez horas seguidas (se despertaba confuso y aturdido como un zombi).",Valid,Chorrillos,"{-12.185251431335764, -77.00779162464042}"
485,MVLL Cinco esquinas - FINAL,Chorrillos,"En cuanto a ella, se daría un salto a la dirección de la casita de su jefe que figuraba en la agenda, en Chorrillos.",Valid,Chorrillos,"{-12.185251431335764, -77.00779162464042}"
486,MVLL Cinco esquinas - FINAL,Chosica,"Y, sin embargo, las fotos estaban ahí, lo decían todo, parecían decir todavía mucho más de lo que había ocurrido aquella noche en Chosica y que ahora resucitaba cuando él creía haberse olvidado del yugoeslavo y de aquello hacía tiempo.",Valid,Chosica,"{-11.93, -76.71}"
487,MVLL Cinco esquinas - FINAL,Chosica,"Pero aquello había ocurrido hacía un par de años, tal vez un poquito más, allá en Chosica, cómo no lo iba a recordar.",Valid,Chosica,"{-11.93, -76.71}"
488,MVLL Cinco esquinas - FINAL,Chosica,En Chosica.,Valid,Chosica,"{-11.93, -76.71}"
489,MVLL Cinco esquinas - FINAL,Chosica,"¿Fue demasiado severo con ese pobre Ceferino Argüello, que, sin saberlo ni quererlo, le había prestado tan gran servicio al traerle aquellas fotos de Chosica?",Valid,Chosica,"{-11.93, -76.71}"
490,MVLL Cinco esquinas - FINAL,Chosica,"Por otra parte, el asunto de las fotos de Chosica mantenía a Ceferino atado a él.",Valid,Chosica,"{-11.93, -76.71}"
491,MVLL Cinco esquinas - FINAL,Chosica,Él había organizado la emboscada de Chosica.,Valid,Chosica,"{-11.93, -76.71}"
492,MVLL Cinco esquinas - FINAL,Chosica,Trata de recordar todos los detalles posibles de tu relación con el yugoeslavo que organizó lo de Chosica.,Valid,Chosica,"{-11.93, -76.71}"
493,MVLL Cinco esquinas - FINAL,Chosica,Ni siquiera conseguía recordar con precisión aquella fiesta maldita de Chosica.,Valid,Chosica,"{-11.93, -76.71}"
494,MVLL Cinco esquinas - FINAL,Chosica,¡Toda la revista consagrada a la tal orgía de Chosica!,Valid,Chosica,"{-11.93, -76.71}"
495,MVLL Cinco esquinas - FINAL,Chosica,"Las fotos de ese millonario en esa orgía terrible, en Chosica.",Valid,Chosica,"{-11.93, -76.71}"
496,MVLL Cinco esquinas - FINAL,Chosica,Ya sé que crees que la desaparición del jefe tiene que ver con tus fotos de la orgía de Chosica.,Valid,Chosica,"{-11.93, -76.71}"
497,MVLL Cinco esquinas - FINAL,Chosica,"A veces se despedía, pero como si una fuerza irresistible le impidiera partir, volvía a sentarse entre las pirámides de periódicos y revistas, se quejaba de nuevo de su mala suerte y maldecía las fotografías de Chosica, cuyos negativos había conservado, pero no para tratar de hacer dinero con ellos —¡lo juraba por Dios!— sino con la esperanza de que el señor que lo contrató para tomarlas reapareciera y le pagara lo pactado.",Valid,Chosica,"{-11.93, -76.71}"
498,MVLL Cinco esquinas - FINAL,Chosica,"Pensé que podía haberme equivocado cuando detuvieron al minero, ese Enrique Cárdenas, acusándolo de ser el autor intelectual del crimen, porque Garro lo chantajeaba con hacer conocer las fotos de la orgía de Chosica.",Valid,Chosica,"{-11.93, -76.71}"
499,MVLL Cinco esquinas - FINAL,Chosica,"Las del ingeniero Cárdenas, calato, refocilándose con prostitutas, en Chosica.",Valid,Chosica,"{-11.93, -76.71}"
500,MVLL Cinco esquinas - FINAL,Chosica,"Me llevó a la casa de Chosica, a prepararlo todo.",Valid,Chosica,"{-11.93, -76.71}"
501,MVLL Cinco esquinas - FINAL,Chosica,"—Y, entonces, tú y Ceferino fueron a llevarle las fotos y a contarle la historia de Chosica a Rolando Garro —se adelantó el Doctor, muy seguro de lo que afirmaba—.",Valid,Chosica,"{-11.93, -76.71}"
502,MVLL Cinco esquinas - FINAL,Chosica,"¿Quién habla ahora del escándalo, de las fotos de Chosica?",Valid,Chosica,"{-11.93, -76.71}"
503,MVLL Cinco esquinas - FINAL,Chosica,Maldita la hora en que aceptaste tomar las fotos de esa orgía de Chosica para ganarte unos pesos.,Valid,Chosica,"{-11.93, -76.71}"
504,MVLL Cinco esquinas - FINAL,Chosica,"Por Estrellita Santibáñez La historia del asesinato del periodista Rolando Garro, ordenada por el hombre fuerte del régimen del ingeniero Fujimori conocido como el Doctor, comienza hace dos años y pico, cuando un misterioso extranjero llamado Kosut (nombre sin duda falso), del que el Servicio de Inmigraciones no conserva datos de entrada ni salida del país, lo que podría indicar que se trata de un gánster miembro de una mafia internacional, contrata a nuestro compañero de trabajo en la redacción de Destapes, el apreciado fotógrafo Ceferino Argüello, para tomar fotos de una supuesta reunión social que tendría lugar en una casa de Chosica.",Valid,Chosica,"{-11.93, -76.71}"
505,MVLL Cinco esquinas - FINAL,Chosica,"Y sólo un mes y medio después decidió publicarlas y sacar ese número extraordinario de Destapes, «Las fotos de la orgía de Chosica», que tanto éxito tuvo.",Valid,Chosica,"{-11.93, -76.71}"
506,MVLL Cinco esquinas - FINAL,Chosica,"A que, cuando nuestro colega, el reportero gráfico Ceferino Argüello, me confesó (y mostró) las escandalosas fotografías de Chosica, yo le aconsejé naturalmente llevárselas a nuestro jefe y director, y explicarle toda la historia del fementido Kosut.",Valid,Chosica,"{-11.93, -76.71}"
507,MVLL Cinco esquinas - FINAL,Chosica,"Y, gracias a ello, descubrí lo que sé y que ahora sabe todo el Perú, gracias al valeroso apoyo que me han dado todos los redactores de este semanario y la denuncia que hemos hecho ante la Justicia: que fue el Doctor quien mandó asesinar a Rolando Garro por haberle desobedecido, publicando las fotos de la orgía de Chosica.",Valid,Chosica,"{-11.93, -76.71}"
508,MVLL Cinco esquinas - FINAL,Chosica,"(Véase asimismo, en las páginas centrales, un resumen del «Escándalo de las fotos de la orgía de Chosica» y la triste historia del reputado vate y recitador Juan Peineta, a quien los autores del crimen de Rolando Garro obligaron a declararse culpable, y luego enviaron a un asilo de ancianos donde todo este
tiempo ha podido vivir sin siquiera darse cuenta, por su demencia senil, del drama del que ha sido víctima inocente e inconsciente.",Valid,Chosica,"{-11.93, -76.71}"
509,MVLL Cinco esquinas - FINAL,Chosica,"—Yo no estuve nunca en una partouze, como esa de Chosica —le contestó ella al oído—.",Valid,Chosica,"{-11.93, -76.71}"
510,MVLL Cinco esquinas - FINAL,Chosica,"—Te he pedido tanto que no hables más de la historia de Chosica —Quique, con la voz cambiada, se apartó de su mujer y se volvió a echar de espaldas—.",Valid,Chosica,"{-11.93, -76.71}"
511,MVLL Cinco esquinas - FINAL,Chosica,"Ya ves, estaba excitado, te iba a hacer el amor y con esa broma sobre Chosica me dejaste congelado como un témpano.",Valid,Chosica,"{-11.93, -76.71}"
512,MVLL Cinco esquinas - FINAL,Chosica,—No quieres que te recuerde ni en broma la historia de Chosica y todas las noches ves el programa tan ridículo de esa mujerzuela.,Valid,Chosica,"{-11.93, -76.71}"
515,MVLL Cinco esquinas - FINAL,Cinco Esquinas,"Se ha hecho dos abortos con una
comadrona muy popular, una negra de Cinco Esquinas que conozco.",Valid,Cinco Esquinas,"{-12.052289260976641, -77.01509058775387}"
516,MVLL Cinco esquinas - FINAL,Cinco Esquinas,"La Retaquita
Apenas sintió que el individuo que iba detrás de ella en el ómnibus de Surquillo a
Cinco Esquinas se le pegaba con malas intenciones, la Retaquita sacó la gran aguja
que llevaba prendida en el cinturón.",Valid,Cinco Esquinas,"{-12.052289260976641, -77.01509058775387}"
517,MVLL Cinco esquinas - FINAL,Cinco Esquinas,"Hasta que el ómnibus llegó a Cinco Esquinas, volvió a pensar en lo que estaba
pensando antes de notar que se le pegaba este sujeto por la espalda: ¿habían
desaparecido los emolienteros?",Valid,Cinco Esquinas,"{-12.052289260976641, -77.01509058775387}"
518,MVLL Cinco esquinas - FINAL,Cinco Esquinas,Estaban ya en Cinco Esquinas y la Retaquita se bajó del ómnibus.,Valid,Cinco Esquinas,"{-12.052289260976641, -77.01509058775387}"
519,MVLL Cinco esquinas - FINAL,Cinco Esquinas,"No era una larguísima caminata desde allí hasta
los Barrios Altos; subía por toda la avenida Abancay y, contorneando la Plaza de la
Inquisición y el Congreso de la República, remontaba el jirón Junín hasta cerca de
Cinco Esquinas.",Valid,Cinco Esquinas,"{-12.052289260976641, -77.01509058775387}"
520,MVLL Cinco esquinas - FINAL,Cinco Esquinas,"Una ausencia
La Retaquita se preparaba siempre el desayuno frugal de cada día —un café con
leche y una galleta de maicena—, pero hoy, no sabía por qué, tuvo el impulso de
tomarlo en un cafetín de Cinco Esquinas situado frente al paradero del ómnibus que,
cada mañana, luego de media hora o cuarenta y cinco minutos de zangoloteo y
apretones, la llevaba por la larguísima avenida Grau, el Zanjón y la Panamericana
hasta Surquillo, en las vecindades de Destapes.",Valid,Cinco Esquinas,"{-12.052289260976641, -77.01509058775387}"
521,MVLL Cinco esquinas - FINAL,Cinco Esquinas,"Cuando llegó a su casa, en
Cinco Esquinas, una hora después, en vez de prepararse algo de comer se echó en la
cama.",Valid,Cinco Esquinas,"{-12.052289260976641, -77.01509058775387}"
522,MVLL Cinco esquinas - FINAL,Cinco Esquinas,"Se alejó de él y, recordando que no había comido nada en todo el día, al llegar a
Cinco Esquinas se sentó en el mismo mugriento cafetín donde había desayunado esa
mañana.",Valid,Cinco Esquinas,"{-12.052289260976641, -77.01509058775387}"
523,MVLL Cinco esquinas - FINAL,Cinco Esquinas,"Acaban de
encontrar su cadáver tirado en la calle, por Cinco Esquinas.",Valid,Cinco Esquinas,"{-12.052289260976641, -77.01509058775387}"
524,MVLL Cinco esquinas - FINAL,Cinco Esquinas,"—Me llamó para decirme que lo habían encontrado asesinado a cuchillazos y con
la cara destrozada en un muladar de Cinco Esquinas, allá en los Barrios Altos, en la
puerta de un garito de timberos —le explicó Luciano—.",Valid,Cinco Esquinas,"{-12.052289260976641, -77.01509058775387}"
525,MVLL Cinco esquinas - FINAL,Cinco Esquinas,"La Retaquita tiene miedo
¿No la había llamado «Julieta Leguizamón» el capitán Félix Madueño, ese que
vino a buscarla a Cinco Esquinas y la llevó a la morgue en el patrullero?",Valid,Cinco Esquinas,"{-12.052289260976641, -77.01509058775387}"
526,MVLL Cinco esquinas - FINAL,Cinco Esquinas,"Su vida había estado
día y noche en la cuerda floja: ¿no vivía en Cinco Esquinas, uno de los barrios más
violentos de Lima, con asaltos, peleas y palizas por doquier?",Valid,Cinco Esquinas,"{-12.052289260976641, -77.01509058775387}"
527,MVLL Cinco esquinas - FINAL,Cinco Esquinas,El policía dijo que lo habían encontrado en Cinco Esquinas.,Valid,Cinco Esquinas,"{-12.052289260976641, -77.01509058775387}"
528,MVLL Cinco esquinas - FINAL,Cinco Esquinas,"—Lo encontraron por aquí, en Cinco Esquinas, parece —le explicó—.",Valid,Cinco Esquinas,"{-12.052289260976641, -77.01509058775387}"
529,MVLL Cinco esquinas - FINAL,Cinco Esquinas,"Tardaba cerca de una hora en llegar hasta esa encrucijada laberíntica que era
Cinco Esquinas, en el corazón de los Barrios Altos.",Valid,Cinco Esquinas,"{-12.052289260976641, -77.01509058775387}"
530,MVLL Cinco esquinas - FINAL,Cinco Esquinas,"—Muy cerquita del monumento a Felipe Pinglo, casi llegando a Cinco Esquinas.",Valid,Cinco Esquinas,"{-12.052289260976641, -77.01509058775387}"
531,MVLL Cinco esquinas - FINAL,Cinco Esquinas,"Lo único que sé es que no lo encontraron muerto en
Cinco Esquinas, sino que lo trajeron muerto en un auto y dejaron su cadáver tirado
frente a mi timba.",Valid,Cinco Esquinas,"{-12.052289260976641, -77.01509058775387}"
532,MVLL Cinco esquinas - FINAL,Cinco Esquinas,"Lo que no impedía que, en las noches, al meterse a la cama de su
pequeña casita del jirón Teniente Arancibia, en Cinco Esquinas, tuviera de pronto
uno de esos ataques de terror que le hacían sentir hielo en la columna vertebral.",Valid,Cinco Esquinas,"{-12.052289260976641, -77.01509058775387}"
533,MVLL Cinco esquinas - FINAL,Cinco Esquinas,"Un segundo después, se
veía ocupando el sillón del difunto director del semanario, llamando a los redactores
a preparar el número de la semana y pensando cuándo se cambiaría de casa, a qué
barrio se mudaría, lo bueno que sería saber que nunca más —nunca más— volvería a
poner los pies en los callejones destartalados de Cinco Esquinas.",Valid,Cinco Esquinas,"{-12.052289260976641, -77.01509058775387}"
534,MVLL Cinco esquinas - FINAL,Cinco Esquinas,"¿Es verdad que
dejaste tu callejón de Cinco Esquinas y te mudaste a Miraflores?",Valid,Cinco Esquinas,"{-12.052289260976641, -77.01509058775387}"
537,MVLL Cinco esquinas - FINAL,Club de la Banca,Despertó sobresaltado: a la una y cuarto tenía cita para almorzar en el Club de la Banca.,Valid,Club de la Banca,"{-12.096146426448122, -77.03810158019458}"
567,MVLL Cinco esquinas - FINAL,Cusco,"Él y Atanasia pudieron darse muchos gustos, entre ellos unas
vacaciones en el Cusco, incluido un viaje a Machu Picchu, y él se había hecho más
conocido que en todos sus años de recitador.",Valid,Cusco,"{-13.52, -71.99}"
1152,MVLL Cinco esquinas - FINAL,Hotel Mogollón,"Una ruina de la farándula Juan Peineta salió del Hotel Mogollón, en la tercera calle del jirón Huallaga, seguido por Serafín.",Valid,Hotel Mogollón,"{-12.048314015316087, -77.03582100312833}"
1153,MVLL Cinco esquinas - FINAL,Hotel Mogollón,"Todavía le quedaba algún papel entre el alto de documentos que guardaba en una caja de cartón en su cuartito del Hotel Mogollón, la partida de nacimiento por ejemplo, con su viejo nombre, pero él no quería leerlo sino recordarlo.",Valid,Hotel Mogollón,"{-12.048314015316087, -77.03582100312833}"
1154,MVLL Cinco esquinas - FINAL,Hotel Mogollón,"Un día entró a su cuarto del Hotel Mogollón —bueno, eso de cuarto era mucho exagerar, más bien hueco o cuchitril— y vio un gato aposentado sobre su cama.",Valid,Hotel Mogollón,"{-12.048314015316087, -77.03582100312833}"
1155,MVLL Cinco esquinas - FINAL,Hotel Mogollón,"Todo el regreso al Hotel Mogollón —unos tres cuartos de hora con su andar prudente y lentísimo— estuvo pensando en el episodio de Los tres chistosos, hecho fronterizo en su carrera artística.",Valid,Hotel Mogollón,"{-12.048314015316087, -77.03582100312833}"
1156,MVLL Cinco esquinas - FINAL,Hotel Mogollón,"Habían llegado al Hotel Mogollón a tiempo para sentarse en la pequeña salita de la entrada, junto a Sóceles, el guardián del hotel, y escuchar en Radio Popular las maldades y venenos de Rolando Garro en su programita Al rojo vivo: verdades y mentiras de la farándula.",Valid,Hotel Mogollón,"{-12.048314015316087, -77.03582100312833}"
1157,MVLL Cinco esquinas - FINAL,Hotel Mogollón,"Los Tres Chistosos Cuando abrió los ojos lo primero que vio fue la silueta de Serafín dibujada en la oquedad de la única ventanita de su cuarto del Hotel Mogollón, que dejaba siempre junta por si el gato quería irse o volver.",Valid,Hotel Mogollón,"{-12.048314015316087, -77.03582100312833}"
1158,MVLL Cinco esquinas - FINAL,Hotel Mogollón,Por eso Juan salía con bastante tiempo del Hotel Mogollón.,Valid,Hotel Mogollón,"{-12.048314015316087, -77.03582100312833}"
1159,MVLL Cinco esquinas - FINAL,Hotel Mogollón,"Salía junto a él del Hotel Mogollón, pero, cuando advertía que Juan tomaba el rumbo de los Barrios Altos, se desvanecía silenciosamente.",Valid,Hotel Mogollón,"{-12.048314015316087, -77.03582100312833}"
1160,MVLL Cinco esquinas - FINAL,Hotel Mogollón,"Juan Peineta se despidió de ella y pensó que en su regreso al Hotel Mogollón buscaría un quiosco donde estuvieran exhibiendo Destapes, le provocaba ver calato a ese millonario haciendo el famoso 69, que él y Atanasia, de puro santurrones, nunca practicaron.",Valid,Hotel Mogollón,"{-12.048314015316087, -77.03582100312833}"
1161,MVLL Cinco esquinas - FINAL,Hotel Mogollón,Y empezó inmediatamente a urdir de memoria la carta que escribiría apenas llegara al Hotel Mogollón.,Valid,Hotel Mogollón,"{-12.048314015316087, -77.03582100312833}"
1162,MVLL Cinco esquinas - FINAL,Hotel Mogollón,"Cuando estaba sólo a tres cuadras del Hotel Mogollón, comprobó que silenciosamente Serafín había reaparecido y caminaba pegadito a sus pies.",Valid,Hotel Mogollón,"{-12.048314015316087, -77.03582100312833}"
1163,MVLL Cinco esquinas - FINAL,Hotel Mogollón,"En su cuarto del Hotel Mogollón, tajando primero su lapicito, escribió una carta al «Señor Rolando Garro, director de Destapes».",Valid,Hotel Mogollón,"{-12.048314015316087, -77.03582100312833}"
1164,MVLL Cinco esquinas - FINAL,Hotel Mogollón,"Extrañas operaciones en torno a Juan Peineta Juan Peineta salió muy temprano del Hotel Mogollón, preguntándose una vez más dónde andaría Serafín, pues hacía ya tres días que no aparecía.",Valid,Hotel Mogollón,"{-12.048314015316087, -77.03582100312833}"
1165,MVLL Cinco esquinas - FINAL,Hotel Mogollón,"Extraña llamada la que le hizo la víspera, al Hotel Mogollón: «Necesito verte urgentísimamente, Juanito.",Valid,Hotel Mogollón,"{-12.048314015316087, -77.03582100312833}"
1166,MVLL Cinco esquinas - FINAL,Hotel Mogollón,"Que esos agentes de la Seguridad del Estado, que sabían tantas cosas, que éramos amigos, que venías de tanto en tanto a almorzar conmigo, no tuvieran la menor idea de que vives hace años en el Hotel Mogollón.",Valid,Hotel Mogollón,"{-12.048314015316087, -77.03582100312833}"
1167,MVLL Cinco esquinas - FINAL,Hotel Mogollón,"Por supuesto, yo corrí a llamarte al Hotel Mogollón.",Valid,Hotel Mogollón,"{-12.048314015316087, -77.03582100312833}"
1168,MVLL Cinco esquinas - FINAL,Hotel Mogollón,—Eso en vez del cuchitril espantoso lleno de ratas del Hotel Mogollón que en cualquier momento se vendrá abajo aplastando a todos los inquilinos —explicó el inspector—.,Valid,Hotel Mogollón,"{-12.048314015316087, -77.03582100312833}"
1169,MVLL Cinco esquinas - FINAL,Hotel Sheraton,Vivía en el Hotel Sheraton.,Valid,Hotel Sheraton,"{-12.057087837216704, -77.03701167472111}"
1170,MVLL Cinco esquinas - FINAL,Huancavelica,"Cuando Quique llegó a su oficina lo esperaban ya el jefe de seguridad de la mina
de Huancavelica y un alto de mensajes, cartas y e-mails.",Valid,Huancavelica,"{-12.79, -74.99}"
1171,MVLL Cinco esquinas - FINAL,Huancavelica,"Piropeó a
Marisa diciéndole que estaba sospechosamente guapa últimamente —«¿no te habrás
echado un amante al hombro, no, Marisita?»— y a Quique lo felicitó porque sabía
que acababa de adquirir otra mina, en Huancavelica, asociado con una compañía
canadiense.",Valid,Huancavelica,"{-12.79, -74.99}"
1172,MVLL Cinco esquinas - FINAL,Ica,"—¿Y tú me quieres decir, Luciano, cómo es que un señorón latifundista de Ica como don Casimiro, que se creía seguramente un aristócrata de sangre azul, se casó con la hija del pulpero de su hacienda?",Valid,Ica,"{-14.075924988661725, -75.73365042293824}"
1173,MVLL Cinco esquinas - FINAL,Ica,"Sería el escándalo del siglo, no sólo en Ica, también en el resto del Perú.",Valid,Ica,"{-14.075924988661725, -75.73365042293824}"
1174,MVLL Cinco esquinas - FINAL,Ica,Mi abuelo les daría dinero para que fueran a instalarse lo más lejos posible de Ica.,Valid,Ica,"{-14.075924988661725, -75.73365042293824}"
1175,MVLL Cinco esquinas - FINAL,jirón Huallaga,"Una ruina de la farándula
Juan Peineta salió del Hotel Mogollón, en la tercera calle del jirón Huallaga,
seguido por Serafín.",Valid,Jirón Huallaga,"{-12.049084353892527, -77.02633923239111}"
1176,MVLL Cinco esquinas - FINAL,jirón Junín,"Cuando Juan Peineta y Atanasia se casaron, fueron a depositar el ramito de
gardenias de la novia al pie de la estatua que inmortalizaba al bardo criollo frente a la
casita donde nació, en la cuadra 14 del jirón Junín, a pocos pasos de las Cinco
Esquinas, el ombligo de los Barrios Altos.",Valid,Jirón Junín,"{-12.0509058554574, -77.01900515938152}"
1177,MVLL Cinco esquinas - FINAL,jirón Junín,"—gritó la Retaquita,
aprovechando que el vehículo se había detenido para saltar a la calle y echar a correr
hacia el jirón Junín.",Valid,Jirón Junín,"{-12.0509058554574, -77.01900515938152}"
1178,MVLL Cinco esquinas - FINAL,jirón Junín,"Iba tres o cuatro veces por semana a almorzar al comedor popular que las
carmelitas descalzas tenían en su monasterio de Nuestra Señora del Carmen, en la
cuadra octava del jirón Junín, en Carmen Alto.",Valid,Jirón Junín,"{-12.0509058554574, -77.01900515938152}"
1179,MVLL Cinco esquinas - FINAL,jirón Junín,"No era una larguísima caminata desde allí hasta
los Barrios Altos; subía por toda la avenida Abancay y, contorneando la Plaza de la
Inquisición y el Congreso de la República, remontaba el jirón Junín hasta cerca de
Cinco Esquinas.",Valid,Jirón Junín,"{-12.0509058554574, -77.01900515938152}"
1180,MVLL Cinco esquinas - FINAL,jirón Junín,"Iba muy de prisa por el jirón Junín porque había
oscurecido y ésta era ya la hora de la compra y venta de drogas, prostitución y atracos
en el barrio.",Valid,Jirón Junín,"{-12.0509058554574, -77.01900515938152}"
1181,MVLL Cinco esquinas - FINAL,jirón Junín,"Juan Peineta comenzó a remontar la avenida Abancay; a la altura del Congreso
voltearía hacia el sinuoso y largo jirón Junín, al cabo del cual llegaría a Cinco
Esquinas, donde vivía Willy: por lo menos ese recorrido lo recordaba muy bien.",Valid,Jirón Junín,"{-12.0509058554574, -77.01900515938152}"
1182,MVLL Cinco esquinas - FINAL,jirón Junín,"Caminaba, con su
ritmo cansino y soportando los dolores de sus várices hinchadas, por el largo,
serpenteante y siempre atestado jirón Junín.",Valid,Jirón Junín,"{-12.0509058554574, -77.01900515938152}"
1183,MVLL Cinco esquinas - FINAL,jirón Ocoña,"Ocurrió en una pensión del jirón Ocoña donde almorzaba por unos pocos soles un menú fijo: plato de sopa, arroz con frejoles y compota.",Valid,Jirón Ocoña,"{-12.04972431662846, -77.03646704773075}"
1184,MVLL Cinco esquinas - FINAL,jirón Teniente Arancibia,"Caminó las
siete cuadras que separaban el paradero de su casa, en el jirón Teniente Arancibia,
pasando por todos los lugares que conocía de memoria y respondiendo con
movimientos de cabeza o con la mano los saludos de los conocidos: el espiritista
piurano que sólo atendía a los clientes de noche, la hora propicia para dialogar con
las almas; el boticario que ocupaba la casita donde, se decía, nació Felipe Pinglo, el
gran compositor de valses; la Quinta Heeren que, al parecer, había sido un reducto
www.lectulandia.com - Página 47
con las mansiones más elegantes de Lima durante el siglo XIX y era ahora una
colección de ruinas que se disputaban los gallinazos, los murciélagos, los drogadictos
y los forajidos; la casa de la Limbómana, la abortera; la iglesia del Carmen y el
pequeño convento de las Hermanas Franciscanas de la Inmaculada Concepción.",Valid,Jirón Teniente Arancibia,"{-12.048894408548627, -77.01559436122598}"
1185,MVLL Cinco esquinas - FINAL,jirón Teniente Arancibia,"El patrullero
que la trajo de vuelta a su casa al jirón Teniente Arancibia ya no llevaba al oficial ni al
civil, sólo a los dos guardias.",Valid,Jirón Teniente Arancibia,"{-12.048894408548627, -77.01559436122598}"
1186,MVLL Cinco esquinas - FINAL,jirón Teniente Arancibia,"Lo que no impedía que, en las noches, al meterse a la cama de su
pequeña casita del jirón Teniente Arancibia, en Cinco Esquinas, tuviera de pronto
uno de esos ataques de terror que le hacían sentir hielo en la columna vertebral.",Valid,Jirón Teniente Arancibia,"{-12.048894408548627, -77.01559436122598}"
1447,MVLL Cinco esquinas - FINAL,La Honda,"Se habían despertado temprano con la idea de ir a pasar el día en la
casita de playa que tenían en La Honda y almorzar allí con amigos, pero, después de
desayunar, decidieron súbitamente volver a la cama a leer y pasar una mañana
tranquilos.",Valid,La Honda,"{-10.049, -78.1762}"
1448,MVLL Cinco esquinas - FINAL,La Parada,"Para sobrevivir hizo todos los trabajos posibles, desde lavar carros en los
parkings hasta descargar camiones en La Parada.",Valid,La Parada (mercado),"{-12.060403800870693, -77.0127883042628}"
1449,MVLL Cinco esquinas - FINAL,La Perla,"Ella lo había acompañado mil veces de niña y
adolescente en sus recorridos jalando el carrito con los grandes tarros de emoliente
preparados por él mismo y Cojinova en la pequeña quinta donde vivían entonces, en
Breña, al final de la avenida Arica, allí donde terminaba la parte antigua de la ciudad
y empezaban los descampados que se alargaban hasta La Perla, Bellavista y el Callao.",Valid,La Perla,"{-12.069895115213525, -77.11580308810721}"
1450,MVLL Cinco esquinas - FINAL,La Quipa,"Extrañó su casita de
playa en La Quipa, los baños en el mar, las largas caminatas en la arena.",Valid,La Quipa,"{-12.445244572310015, -76.78143859325237}"
1451,MVLL Cinco esquinas - FINAL,Larcomar,"Vamos a Larcomar, que es tan simpático.",Valid,Larcomar,"{-12.13175849281106, -77.03052379005995}"
1452,MVLL Cinco esquinas - FINAL,La Rinconada,"¡Dios mío, ya no me da tiempo a
llegar a La Rinconada!",Valid,La Rinconada,"{-12.095581386078289, -76.94694741347868}"
1453,MVLL Cinco esquinas - FINAL,La Rinconada,"Media hora después estaban en La Rinconada y
Chabela ayudaba a su amiga a instalarse en el cuarto de huéspedes, un ala
completamente independiente del resto de la casa.",Valid,La Rinconada,"{-12.095581386078289, -76.94694741347868}"
1454,MVLL Cinco esquinas - FINAL,La Rinconada,"Qué
buena noticia que Luciano los invitara a almorzar y a ver una película en el cinema
que se había construido en su casa de La Rinconada.",Valid,La Rinconada,"{-12.095581386078289, -76.94694741347868}"
1455,MVLL Cinco esquinas - FINAL,La Rinconada,"Cuando iban en el auto hacia La Rinconada, Quique al volante, Marisa dijo:",Valid,La Rinconada,"{-12.095581386078289, -76.94694741347868}"
1456,MVLL Cinco esquinas - FINAL,Lima,"Estaban tomando un whisky sentados en la terraza, viendo el mar de lucecitas de Lima a sus pies y hablando, por supuesto, del tema que obsesionaba a todos los hogares en aquellos días, los atentados y secuestros de Sendero Luminoso y del Movimiento Revolucionario Túpac Amaru, los apagones de casi todas las noches por las voladuras de las torres eléctricas que dejaban en tinieblas a barrios enteros de la ciudad, y las explosiones con que los terroristas despertaban a medianoche y al amanecer a los limeños.",Valid,Lima,"{-12.0433, -77.0283}"
1457,MVLL Cinco esquinas - FINAL,Lima,"—Debe darle una sensación de poder enorme tener Lima a sus pies —bromeó el visitante; sus ojitos pardos se movían, azogados, y todo lo que decía, le pareció a Quique, delataba una profunda insinceridad—.",Valid,Lima,"{-12.0433, -77.0283}"
1458,MVLL Cinco esquinas - FINAL,Lima,"Fue al baño a lavarse la cara y, mientras lo hacía, pensaba, torturándose: ¿qué ocurriría si estas fotos llegaban a todo Lima a través de un periódico o una revista de esas que vivían del amarillismo, de sacar a la luz pública las inmundicias de las vidas privadas?",Valid,Lima,"{-12.0433, -77.0283}"
1459,MVLL Cinco esquinas - FINAL,Lima,"Dios mío, tenía que ver cuanto antes a Luciano; además de ser su mejor amigo, su estudio era uno de los más prestigiosos de Lima.",Valid,Lima,"{-12.0433, -77.0283}"
1460,MVLL Cinco esquinas - FINAL,Lima,"En el aeropuerto, Chabela recogió el auto que había alquilado desde Lima y, como había poco tráfico a estas horas, llegaron pronto al departamento de Luciano en uno de los edificios de Brickell Avenue que miraban al mar y a Key Biscayne.",Valid,Lima,"{-12.0433, -77.0283}"
1461,MVLL Cinco esquinas - FINAL,Lima,"Le pareció que había nuevos cuadros en las paredes —entre ellos el Lam que antes tenían en su casa de Lima, al que se había añadido otro de Soto, y un dibujo de Morales— y que habían cambiado la decoración.",Valid,Lima,"{-12.0433, -77.0283}"
1462,MVLL Cinco esquinas - FINAL,Lima,"Era elegante, sin exceso ni afectación, como su casa de Lima, como eran Chabela y Luciano en su manera de vestirse y de hablar.",Valid,Lima,"{-12.0433, -77.0283}"
1463,MVLL Cinco esquinas - FINAL,Lima,"Había fotos de Chabela y de sus dos hijas en una vidriera y del propio Luciano, joven, con túnica y birrete, el día de su graduación en la Universidad Católica de Lima, y otra, más ostentosa, de la ceremonia de su doctorado en Columbia University.",Valid,Lima,"{-12.0433, -77.0283}"
1464,MVLL Cinco esquinas - FINAL,Lima,"Estuvo varios meses en Lima, viviendo en el Hotel Sheraton.",Valid,Lima,"{-12.0433, -77.0283}"
1465,MVLL Cinco esquinas - FINAL,Lima,"Luego, un día, me dejó una nota diciendo que debía partir de urgencia a Nueva York y que volvería pronto a Lima.",Valid,Lima,"{-12.0433, -77.0283}"
1466,MVLL Cinco esquinas - FINAL,Lima,"En el hospicio en que su madre lo abandonó le pusieron Lázaro como nombre de pila, porque, al parecer, fue en el día de San Lázaro cuando las monjitas del convento de Las Descalzas lo encontraron en el suelo lloriqueando, a la entrada de la institución que regentaban, en la esquina de los jirones Junín y Huánuco, en los Barrios Altos de Lima.",Valid,Lima,"{-12.0433, -77.0283}"
1467,MVLL Cinco esquinas - FINAL,Lima,Tendría que vivir como mendigo en las calles de Lima.,Valid,Lima,"{-12.0433, -77.0283}"
1468,MVLL Cinco esquinas - FINAL,Lima,Los seiscientos y pico de soles le permitieron dormir unos cuantos días en pensiones de mala muerte en el centro de Lima.,Valid,Lima,"{-12.0433, -77.0283}"
1469,MVLL Cinco esquinas - FINAL,Lima,Era temprano todavía y el centro de Lima estaba aún medio desierto.,Valid,Lima,"{-12.0433, -77.0283}"
1470,MVLL Cinco esquinas - FINAL,Lima,"El veterinario que lo examinó le dijo que el gatito —un bebe— no tenía las patas rotas, sólo resentidas de algún golpe que le habían infligido, tal vez, esos mataperros que se divertían disparando pedradas con sus hondas a los animales callejeros de Lima; se repondría pronto, sin necesidad de remedios ni tablillas.",Valid,Lima,"{-12.0433, -77.0283}"
1471,MVLL Cinco esquinas - FINAL,Lima,"Pero, ahora, ya era difícil sacar a Atanasia de su memoria: ahí estaba, en la primera fila del Club Apurímac de Lima, con su faldita gris, su blusa verde y sus zapatitos blancos, escuchándolo con fervor y aplaudiendo a rabiar.",Valid,Lima,"{-12.0433, -77.0283}"
1472,MVLL Cinco esquinas - FINAL,Lima,"Después de su número se había presentado y ella le dijo que era telefonista en el Correo Central de Lima, soltera y sin compromiso.",Valid,Lima,"{-12.0433, -77.0283}"
1473,MVLL Cinco esquinas - FINAL,Lima,"El programa lo conocía, como todo el mundo en Lima.",Valid,Lima,"{-12.0433, -77.0283}"
1474,MVLL Cinco esquinas - FINAL,Lima,"Alejarse de Lima, en vez de calmarlo, lo alteraría más de lo que estaba.",Valid,Lima,"{-12.0433, -77.0283}"
1475,MVLL Cinco esquinas - FINAL,Lima,"Estuvo cerca de una hora sentado en uno de los sillones en que recibía a las visitas, mirando sin ver la vasta explanada de Lima a sus pies.",Valid,Lima,"{-12.0433, -77.0283}"
1476,MVLL Cinco esquinas - FINAL,Lima,"Se estarían acabando, pues, otra muestra de los supuestos progresos de Lima.",Valid,Lima,"{-12.0433, -77.0283}"
1477,MVLL Cinco esquinas - FINAL,Lima,"No era raro, pues, pensándolo bien, que los emolienteros estuvieran desapareciendo de las calles de Lima.",Valid,Lima,"{-12.0433, -77.0283}"
1478,MVLL Cinco esquinas - FINAL,Lima,"Caminó las siete cuadras que separaban el paradero de su casa, en el jirón Teniente Arancibia, pasando por todos los lugares que conocía de memoria y respondiendo con movimientos de cabeza o con la mano los saludos de los conocidos: el espiritista piurano que sólo atendía a los clientes de noche, la hora propicia para dialogar con las almas; el boticario que ocupaba la casita donde, se decía, nació Felipe Pinglo, el gran compositor de valses; la Quinta Heeren que, al parecer, había sido un reducto con las mansiones más elegantes de Lima durante el siglo XIX y era ahora una colección de ruinas que se disputaban los gallinazos, los murciélagos, los drogadictos y los forajidos; la casa de la Limbómana, la abortera; la iglesia del Carmen y el pequeño convento de las Hermanas Franciscanas de la Inmaculada Concepción.",Valid,Lima,"{-12.0433, -77.0283}"
1479,MVLL Cinco esquinas - FINAL,Lima,"Si no hubiera sido por el terrorismo y los secuestros, lo cierto era que se vivía muy bien en Lima.",Valid,Lima,"{-12.0433, -77.0283}"
1480,MVLL Cinco esquinas - FINAL,Lima,No se habla de otra cosa en todo Lima.,Valid,Lima,"{-12.0433, -77.0283}"
1481,MVLL Cinco esquinas - FINAL,Lima,"Y ya no pararon las llamadas, todas las malditas chismosas de Lima parecían al tanto.",Valid,Lima,"{-12.0433, -77.0283}"
1482,MVLL Cinco esquinas - FINAL,Lima,"La gente de Lima es la más malvada que existe en el mundo, Chabela.",Valid,Lima,"{-12.0433, -77.0283}"
1483,MVLL Cinco esquinas - FINAL,Lima,¿Por qué temía tanto esa zona tan empobrecida del centro de Lima?,Valid,Lima,"{-12.0433, -77.0283}"
1484,MVLL Cinco esquinas - FINAL,Lima,"Llegó temprano al monasterio de Las Descalzas pero aun así ya había una buena cola de pobres, mendigos y vagos, gente sin trabajo, viejitos y viejitas que parecían recién llegados a Lima de remotas comunidades de la sierra.",Valid,Lima,"{-12.0433, -77.0283}"
1485,MVLL Cinco esquinas - FINAL,Lima,Pese a ser pleno invierno había una luminosidad esta mañana en Lima que parecía anunciar el sol.,Valid,Lima,"{-12.0433, -77.0283}"
1486,MVLL Cinco esquinas - FINAL,Lima,¿Pasa algo alguna vez en Lima cuando estalla un escándalo?,Valid,Lima,"{-12.0433, -77.0283}"
1487,MVLL Cinco esquinas - FINAL,Lima,"Poco después llegó un mensajero del Juzgado Penal del cercado de Lima, con dos avisos de las acciones judiciales entabladas contra la revista por el número de esta semana.",Valid,Lima,"{-12.0433, -77.0283}"
1488,MVLL Cinco esquinas - FINAL,Lima,"Lima se había vuelto una mancha sombría y una miríada de lucecitas que se perdían a lo lejos, disueltas en la incipiente neblina.",Valid,Lima,"{-12.0433, -77.0283}"
1489,MVLL Cinco esquinas - FINAL,Lima,"Eres el hazmerreír de todo Lima, y yo también lo soy, por tu culpa.",Valid,Lima,"{-12.0433, -77.0283}"
1490,MVLL Cinco esquinas - FINAL,Lima,"Su vida había estado día y noche en la cuerda floja: ¿no vivía en Cinco Esquinas, uno de los barrios más violentos de Lima, con asaltos, peleas y palizas por doquier?",Valid,Lima,"{-12.0433, -77.0283}"
1491,MVLL Cinco esquinas - FINAL,Lima,"Me han hecho una fama de calavera y de farrista en Lima, a mí, que he sido siempre tan formal.",Valid,Lima,"{-12.0433, -77.0283}"
1492,MVLL Cinco esquinas - FINAL,Lima,"Vinieron muchos invitados de Lima, claro, que se quedarían horrorizados con la locura del gran señorón.",Valid,Lima,"{-12.0433, -77.0283}"
1493,MVLL Cinco esquinas - FINAL,Lima,Pero ni él ni nadie en Lima sabía qué significaba la palabreja cubana ruletero:,Valid,Lima,"{-12.0433, -77.0283}"
1494,MVLL Cinco esquinas - FINAL,Lima,"Durante mucho tiempo, cuatro o cinco veces al año, Juan hizo ese largo viaje desde el centro de Lima a esa barriada brava del puerto del Callao para pasar el día con su viejo amigo.",Valid,Lima,"{-12.0433, -77.0283}"
1495,MVLL Cinco esquinas - FINAL,Lima,"Ahora, desde que se había mudado al centro de la Lima colonial, era mejor, ya no tenía que hacer ese interminable e incómodo viaje hasta el puerto, sólo esta cansada caminata.",Valid,Lima,"{-12.0433, -77.0283}"
1496,MVLL Cinco esquinas - FINAL,Lima,"El auto no fue hacia el centro de Lima; dobló por la Plaza Italia, bajó por el jirón Huanta hasta la avenida Grau y luego, ante su sorpresa, tomó la Panamericana, rumbo a las playas.",Valid,Lima,"{-12.0433, -77.0283}"
1497,MVLL Cinco esquinas - FINAL,Lima,Olvidémonos de Lima al menos por una noche.,Valid,Lima,"{-12.0433, -77.0283}"
1498,MVLL Cinco esquinas - FINAL,Lima,"En todo caso,aquél tuvo que traérselo a Lima en el auto con chofer que tenía contratado, porque el ingeniero no estaba en condiciones de manejar su propio carro.",Valid,Lima,"{-12.0433, -77.0283}"
1499,MVLL Cinco esquinas - FINAL,Lima,"Era una soleada mañana de domingo y el verano había comenzado de verdad en Lima, por fin.",Valid,Lima,"{-12.0433, -77.0283}"
1500,MVLL Cinco esquinas - FINAL,Lima,"Si no soy bienvenido a esa celebración, me quedaré en Lima, triste y abandonado.",Valid,Lima,"{-12.0433, -77.0283}"
1559,MVLL Cinco esquinas - FINAL,Los Siete Pescados Capitales,"Vámonos a Los Siete Pescados Capitales, en Miraflores.",Valid,Los Siete Pescados Capitales,"{-12.109262925779197, -77.04962765135862}"
1560,MVLL Cinco esquinas - FINAL,Los Siete Pescados Capitales,"Mucho, porque mientras hablaba llegó mucha gente a degustar los manjares criollos
y marineros de Los Siete Pescados Capitales, y luego partió y el restaurante se fue
vaciando.",Valid,Los Siete Pescados Capitales,"{-12.109262925779197, -77.04962765135862}"
1763,MVLL Cinco esquinas - FINAL,Machu Picchu,"Él y Atanasia pudieron darse muchos gustos, entre ellos unas
vacaciones en el Cusco, incluido un viaje a Machu Picchu, y él se había hecho más
conocido que en todos sus años de recitador.",Valid,Machu Picchu,"{-13.162958507385975, -72.54533720538635}"
1764,MVLL Cinco esquinas - FINAL,María Parado de Bellido,"La Retaquita —el apodo se lo habían puesto en el colegio, donde a veces las chicas
de su clase la llamaban también Tachuela— recordaba con orgullo qué éxito había
coronado sus primeras armas de periodista, cuando era todavía alumna de
secundaria en el María Parado de Bellido.",Valid,María Parado de Bellido,"{-12.028111179226649, -77.02831281093444}"
2042,MVLL Cinco esquinas - FINAL,Miraflores,"Dos días atrás, ella y Marisa habían almorzado juntas y, al volver de El Central, de Miraflores, después de comer riquísimo, se habían encerrado en el dormitorio de Marisa, en su penthouse de San Isidro, y hecho el amor.",Valid,Miraflores,"{-12.12247955918677, -77.03127847125396}"
2043,MVLL Cinco esquinas - FINAL,Miraflores,"Cuando Juan era joven, ese barrio estaba lleno de peñas criollas y allí vivían muchos bohemios, artistas, músicos, y hasta los blanquitos de Miraflores y San Isidro amantes de la música criolla venían a oír a los mejores cantantes, guitarristas y cajoneadores, y a bailar con los cholos y los negros.",Valid,Miraflores,"{-12.12247955918677, -77.03127847125396}"
2044,MVLL Cinco esquinas - FINAL,Miraflores,Por eso has podido dejar tu cuartucho de Cinco Esquinas y mudarte a Miraflores.,Valid,Miraflores,"{-12.12247955918677, -77.03127847125396}"
2045,MVLL Cinco esquinas - FINAL,Miraflores,"Vámonos a Los Siete Pescados Capitales, en Miraflores.",Valid,Miraflores,"{-12.12247955918677, -77.03127847125396}"
2046,MVLL Cinco esquinas - FINAL,Miraflores,¿Es verdad que dejaste tu callejón de Cinco Esquinas y te mudaste a Miraflores?,Valid,Miraflores,"{-12.12247955918677, -77.03127847125396}"
2070,MVLL Cinco esquinas - FINAL,Perú,"Enrique decía que la situación seestaba volviendo insostenible para las empresas, las medidas de seguridadaumentaban los costos de una manera enloquecida, las compañías de segurosquerían seguir subiendo las primas y, si los bandidos se salían con su gusto, pronto llegaría el Perú a la situación de Colombia donde los empresarios, ahuyentados porlos terroristas, por lo visto se estaban trasladando en masa a Panamá y a Miami, para dirigir sus negocios desde allá.",Valid,Perú,"{-10., -76.}"
2071,MVLL Cinco esquinas - FINAL,Perú,"—Me lo cerraron por decir la verdad, algo que no se aguanta mucho en el Perú de hoy y de siempre —afirmó el periodista con amargura pero sin dejar de sonreír—.",Valid,Perú,"{-10., -76.}"
2072,MVLL Cinco esquinas - FINAL,Perú,Esas cosas no se perdonan en el Perú.,Valid,Perú,"{-10., -76.}"
2073,MVLL Cinco esquinas - FINAL,Perú,"Pero todavía quedamos algunos periodistas de principios en el Perú, ingeniero, felizmente para usted.",Valid,Perú,"{-10., -76.}"
2074,MVLL Cinco esquinas - FINAL,Perú,"La semana pasada, por ejemplo, me dijo que si seguían así las cosas, sería más sensato salir del Perú.",Valid,Perú,"{-10., -76.}"
2075,MVLL Cinco esquinas - FINAL,Perú,"Así había comenzado la carrera periodística de Rolando Garro: como datero de escándalos para Última Hora, el diario que, con Raúl Villarán en la dirección, introdujo el amarillismo en el Perú.",Valid,Perú,"{-10., -76.}"
2076,MVLL Cinco esquinas - FINAL,Perú,—Hace mucho que hay terrorismo en el Perú —insistió ella—.,Valid,Perú,"{-10., -76.}"
2077,MVLL Cinco esquinas - FINAL,Perú,"—El hombre fuerte de este gobierno, el que hace y deshace, el verdadero patrón del Perú —le recordó Luciano—.",Valid,Perú,"{-10., -76.}"
2078,MVLL Cinco esquinas - FINAL,Perú,Y que el régimen necesitaba al menos unos veinte años para completar el programa de reformas que estaba sacando al Perú del subdesarrollo y ascenderlo a país del primer mundo.,Valid,Perú,"{-10., -76.}"
2079,MVLL Cinco esquinas - FINAL,Perú,"Porque, a diferencia de otras colaboradoras, que hablaban de la patria, de los héroes nacionales como Grau y Bolognesi, de la religión, del Papa o el problema de la tierra en el Perú, ella se limitó a contar los chismes y rumores más escabrosos que corrían sobre alumnas y profesores, disimulando sus nombres cuando se trataba de cosas realmente subidas de color, como poner en duda la hombría de un varón o la feminidad de una mujer.",Valid,Perú,"{-10., -76.}"
2080,MVLL Cinco esquinas - FINAL,Perú,"Si un empresario con su prestigio y su fuerza se decidiera a invertir en ella, la revista llegaría a todo el Perú.",Valid,Perú,"{-10., -76.}"
2081,MVLL Cinco esquinas - FINAL,Perú,"Pero, sobre todo, en el Perú.",Valid,Perú,"{-10., -76.}"
2082,MVLL Cinco esquinas - FINAL,Perú,"El Perú entero podría satisfacer su curiosidad morbosa, su apetito chismográfico, ese placer inmenso que produce a los mediocres, la mayoría de la humanidad, saber que los famosos, los respetables, las celebridades, los decentes, están hechos también del mismo barro mugriento que los demás.",Valid,Perú,"{-10., -76.}"
2083,MVLL Cinco esquinas - FINAL,Perú,"Desde hacía algún tiempo, todo era posible en el Perú.",Valid,Perú,"{-10., -76.}"
2084,MVLL Cinco esquinas - FINAL,Perú,¡En todo el Perú!,Valid,Perú,"{-10., -76.}"
2085,MVLL Cinco esquinas - FINAL,Perú,"Mejor dicho, que empezara a recitar con cualquier pretexto, sólo para que los otros dos chistosos lo callaran con sendas bofetadas que lo tiraban al suelo y hacían revolcarse de risas al público que asistía a la grabación del programa y, por lo visto, a la miríada de televidentes que tenían en todo el Perú.",Valid,Perú,"{-10., -76.}"
2086,MVLL Cinco esquinas - FINAL,Perú,"Dicen que hay sicarios colombianos muy baratos, que se han venido a trabajar al Perú porque allá en Colombia les falta el trabajo.",Valid,Perú,"{-10., -76.}"
2087,MVLL Cinco esquinas - FINAL,Perú,"Ése era un tipo importante, uno de los ricachos del Perú.",Valid,Perú,"{-10., -76.}"
2088,MVLL Cinco esquinas - FINAL,Perú,"Había denuncias de que una banda de forajidos secuestraba niños nacidos en comunidades indígenas bolivianas y los vendía a mafiosos peruanos en la frontera, y que éstos, a su vez, los revendían a parejas generalmente extranjeras que no podían tener hijos y no querían esperar los muchos años que tardaban los trámites para las adopciones legales en el Perú.",Valid,Perú,"{-10., -76.}"
2090,MVLL Cinco esquinas - FINAL,Perú,"Dos semanas enteras por el mar de Ulises, sin leer una sola noticia del Perú.",Valid,Perú,"{-10., -76.}"
2091,MVLL Cinco esquinas - FINAL,Perú,"Sería el escándalo del siglo, no sólo en Ica, también en el resto del Perú.",Valid,Perú,"{-10., -76.}"
2092,MVLL Cinco esquinas - FINAL,Perú,"Marisa ya habría llamado a Luciano y entre ambos habrían alertado a todos los amigos influyentes, y no sólo en el Perú, sus socios mineros, las instituciones a las que pertenecía, habrían despertado a ministros, diputados, a jueces, al Doctor, al presidente Fujimori, presentado recursos de amparo.",Valid,Perú,"{-10., -76.}"
2093,MVLL Cinco esquinas - FINAL,Perú,Así que éste era el amo y señor del Perú.,Valid,Perú,"{-10., -76.}"
2094,MVLL Cinco esquinas - FINAL,Perú,"El régimen de Velasco, que presumía de socialista, había estrechado sus relaciones con la URSS, la que se convirtió en esos años en la primera abastecedora de armamentos para el Perú.",Valid,Perú,"{-10., -76.}"
2095,MVLL Cinco esquinas - FINAL,Perú,"Se decía que había sido el hombre en el Perú de Pablo Escobar, el rey de la droga en Colombia.",Valid,Perú,"{-10., -76.}"
2096,MVLL Cinco esquinas - FINAL,Perú,"Había llegado al Perú con su familia de inmigrantes y ésta, para asegurar su futuro, como hacían muchas familias de asiáticos a fin de dar seguridad a sus descendientes, le había falsificado (o comprado) una partida de nacimiento, atribuyendo su natalicio al día de la Fiesta Nacional, el 28 de julio.",Valid,Perú,"{-10., -76.}"
2097,MVLL Cinco esquinas - FINAL,Perú,"Desde entonces, el Doctor había sido el brazo derecho de Fujimori, y, como jefe del Servicio de Inteligencia, el presunto autor de las peores fechorías, tráficos, robos y crímenes políticos que se venían cometiendo en el Perú desde hacía casi diez años.",Valid,Perú,"{-10., -76.}"
2098,MVLL Cinco esquinas - FINAL,Perú,¿Por qué estaba ante el hombre más poderoso y más misterioso del Perú?,Valid,Perú,"{-10., -76.}"
2099,MVLL Cinco esquinas - FINAL,Perú,"Se iba acordando: «Ya debe ser el hombre más rico del Perú y, además, es el que manda a matar sin que le tiemblen la voz y la mano», le había dicho Rolando Garro alguna vez.",Valid,Perú,"{-10., -76.}"
2100,MVLL Cinco esquinas - FINAL,Perú,"¿Sabes que es uno de los hombres más poderosos del Perú, no, Retaquita?",Valid,Perú,"{-10., -76.}"
2101,MVLL Cinco esquinas - FINAL,Perú,Pero la repito porque será la parte más importante de tus obligaciones conmigo: joder a quienes quieren joder al Perú.,Valid,Perú,"{-10., -76.}"
2102,MVLL Cinco esquinas - FINAL,Perú,"El Doctor no quería enemistarse con uno de los dueños del Perú, alguien que, si se lo proponía, le podía hacer mucho daño.",Valid,Perú,"{-10., -76.}"
2103,MVLL Cinco esquinas - FINAL,Perú,"Soñaba con que la revista mejorara, creciera, fuera la primera del Perú.",Valid,Perú,"{-10., -76.}"
2104,MVLL Cinco esquinas - FINAL,Perú,"Sabemos el riesgo que corremos publicando esta edición extraordinaria de Destapes que denuncia como asesino y corruptor de la prensa peruana al hombre que, tal vez, haya acumulado más poder, multiplicado más la corrupción y causado más estragos en la historia de nuestra querida Patria, el Perú: el jefe del Servicio de Inteligencia, conocido por tirios y troyanos con su consabido seudónimo: el Doctor.",Valid,Perú,"{-10., -76.}"
2105,MVLL Cinco esquinas - FINAL,Perú,"Lo sabemos y, sin embargo, sin vacilaciones, lo hacemos: sacamos este número incendiario de Destapes demostrando, de manera explícita, contundente y rotunda, que con el asesinato de Rolando Garro —uno de Dios sabe cuántos más— el gobierno de turno cometió uno de los más atroces liberticidios de la historia del Perú (acaso del ancho mundo) y una de las violaciones más crueles de la libertad de expresión contra un periodista, polémico, es verdad, pero respetado aun por sus peores enemigos, que le reconocían su talento, sus agallas, su testosterona, su profesionalismo y su amor a nuestro antiguo país.",Valid,Perú,"{-10., -76.}"
2106,MVLL Cinco esquinas - FINAL,Perú,"Y porque si hechos como el cobarde y vil asesinato de Rolando Garro y la igualmente vil y grotesca falsificación de la justicia que ha significado atribuir su asesinato a un pobre anciano privado de sus facultades —nos referimos al veterano y apreciado recitador Juan Peineta— quedaran impunes, el Perú se hundiría aún más en el abismo infernal en que ha caído por culpa del régimen autoritario, cleptómano, manipulador y criminoso que nos domina.",Valid,Perú,"{-10., -76.}"
2107,MVLL Cinco esquinas - FINAL,Perú,"Y lo hacemos porque, exponiendo estas verdades urticantes, contribuimos a impedir —aunque sea con un pequeño granito de arena— que el Perú se convierta por culpa del Doctor y su amo, el presidente Fujimori, en una republiqueta bananera, una de esas caricaturas que agravian a nuestra América.",Valid,Perú,"{-10., -76.}"
2108,MVLL Cinco esquinas - FINAL,Perú,"El Doctor me explicaría después, de viva voz (véase la transcripción de la grabación correspondiente entregada por mí a la Justicia), que había prohibido eso a Rolando porque él sabía que no debía meterse con quienes eran más poderosos que él, los ricos del Perú, entre los que se cuenta el destacado y probo minero ingeniero don Enrique Cárdenas.",Valid,Perú,"{-10., -76.}"
2109,MVLL Cinco esquinas - FINAL,Perú,"Y, gracias a ello, descubrí lo que sé y que ahora sabe todo el Perú, gracias al valeroso apoyo que me han dado todos los redactores de este semanario y la denuncia que hemos hecho ante la Justicia: que fue el Doctor quien mandó asesinar a Rolando Garro por haberle desobedecido, publicando las fotos de la orgía de Chosica.",Valid,Perú,"{-10., -76.}"
2110,MVLL Cinco esquinas - FINAL,Perú,"En todo caso, si algo así ocurriera, quedaría demostrado que no existe la independencia del Poder Judicial y que los jueces son también, como tantos periodistas, nada más que instrumentos de los dueños de los cuerpos y las conciencias del Perú en que se han convertido Fujimori y el Doctor.",Valid,Perú,"{-10., -76.}"
2111,MVLL Cinco esquinas - FINAL,Perú,"Pero no hay que olvidar que, en estos momentos, el régimen de Fujimori y el Doctor ya no tiene al Perú entero de rodillas.",Valid,Perú,"{-10., -76.}"
2112,MVLL Cinco esquinas - FINAL,Perú,"(Véanse en las páginas interiores la biografía de ese notable periodista que fue Rolando Garro, todo lo que se sabe de la vida aventurera y criminosa del Doctor, el jefe del Servicio de Inteligencia y la oprobiosa dictadura que padece el Perú).",Valid,Perú,"{-10., -76.}"
2113,MVLL Cinco esquinas - FINAL,Perú,Con su audacia provocó acontecimientos que cambiaron la vida del Perú.,Valid,Perú,"{-10., -76.}"
2114,MVLL Cinco esquinas - FINAL,Perú,"Y allí te construyo el cine más moderno del Perú, mi vida.",Valid,Perú,"{-10., -76.}"
2115,MVLL Cinco esquinas - FINAL,Perú,"Luciano les contó que su estudio era ahora el asesor legal de la principal cadena distribuidora cinematográfica del Perú y estaba feliz, gracias a esa relación le enviaban todas las nuevas películas para que él y Chabela las vieran en el flamante cinema del jardín.",Valid,Perú,"{-10., -76.}"
2116,MVLL Cinco esquinas - FINAL,Perú de Pablo Escobar,"Se decía que había sido el hombre en el Perú de Pablo Escobar, el rey de la droga en Colombia.",Valid / Corrected,Perú,"{-10., -76.}"
2117,MVLL Cinco esquinas - FINAL,Plaza Italia,"El auto no fue hacia el centro de Lima; dobló por la Plaza Italia, bajó por el jirón
Huanta hasta la avenida Grau y luego, ante su sorpresa, tomó la Panamericana,
rumbo a las playas.",Valid,Plaza Italia,"{-12.050784571720285, -77.02259635938152}"
2118,MVLL Cinco esquinas - FINAL,Plaza San Martín,"Tenía que
caminar hasta la Plaza San Martín, donde tomaba el microbús hacia el Callao.",Valid,Plaza San Martín,"{-12.051295257854763, -77.0346184865037}"
2125,MVLL Cinco esquinas - FINAL,Puno,"Hizo una lista de los temas que podían servir para
investigar con vistas a un artículo y empezó a tomar apuntes, navegando en la red,
sobre un caso de tráfico de niños y niñas en Puno, cerca de la frontera con Bolivia.",Valid,Puno,"{-15.84, -70.05}"
2515,MVLL Cinco esquinas - FINAL,Rímac,"Él y Willy eran amigos desde los tiempos en que Juan Peineta practicaba el noble arte de la declamación y el Ruletero administraba un coliseo en el barrio de Cantagallo, en el Rímac; allí solía contratarlo para que recitara sus poemas entre los números de bailes y canciones andinas.",Valid,Rímac,"{-12.025328552155427, -77.03328934490534}"
2789,MVLL Cinco esquinas - FINAL,San Isidro,"El empresario y el abogado El Estudio Luciano Casasbellas, Abogados estaba también en San Isidro, a pocas cuadras de las oficinas de Enrique y, en el pasado, éste solía hacerlas andando, pero ahora, debido al temor a los secuestros del MRTA y los atentados de Sendero Luminoso, se desplazaba siempre en auto.",Valid,San Isidro,"{-12.097008633958604, -77.03297317053355}"
2790,MVLL Cinco esquinas - FINAL,San Isidro,"Estaban tomando el desayuno en la terraza techada del penthouse, en San Isidro, ella en bata y zapatillas, y Enrique ya bañado, afeitado y vestido, listo para partir a la oficina.",Valid,San Isidro,"{-12.097008633958604, -77.03297317053355}"
2791,MVLL Cinco esquinas - FINAL,San Isidro,"Dos días atrás, ella y Marisa habían almorzado juntas y, al volver de El Central, de Miraflores, después de comer riquísimo, se habían encerrado en el dormitorio de Marisa, en su penthouse de San Isidro, y hecho el amor.",Valid,San Isidro,"{-12.097008633958604, -77.03297317053355}"
2792,MVLL Cinco esquinas - FINAL,San Isidro,Tardó más de media hora en llegar a San Isidro porque el tráfico era ya muy intenso a esa hora en la avenida Javier Prado y en el Zanjón.,Valid,San Isidro,"{-12.097008633958604, -77.03297317053355}"
2793,MVLL Cinco esquinas - FINAL,San Isidro,"Cuando llegaron a San Isidro, frente a la casa del Golf, faltaban diez minutos para que empezara el toque de queda.",Valid,San Isidro,"{-12.097008633958604, -77.03297317053355}"
2794,MVLL Cinco esquinas - FINAL,San Isidro,"Cuando Juan era joven, ese barrio estaba lleno de peñas criollas y allí vivían muchos bohemios, artistas, músicos, y hasta los blanquitos de Miraflores y San Isidro amantes de la música criolla venían a oír a los mejores cantantes, guitarristas y cajoneadores, y a bailar con los cholos y los negros.",Valid,San Isidro,"{-12.097008633958604, -77.03297317053355}"
2847,MVLL Cinco esquinas - FINAL,Surquillo,"Desde su escritorio dominaba todo el cuartito
que era la redacción de la revista, una vieja casona de dos pisos en la calle Dante, de
Surquillo, y podía observar que la media docena de redactores e informantes tenían
todos las cabezas hundidas en sus computadoras o papeles; ninguno, ni siquiera
Estrellita Santibáñez, que era la más curiosa, se atrevía siquiera a volver los ojos para
espiar el mal rato que estaba haciendo pasar al fotógrafo.",Valid,Surquillo,"{-12.1134, -77.013}"
2848,MVLL Cinco esquinas - FINAL,Surquillo,"Sus padres adoptivos le revelaron que era un expósito cuando estaba en el quinto
año de secundaria del Colegio Nacional Ricardo Palma, de Surquillo, aquí mismo,
no lejos del local de Destapes.",Valid,Surquillo,"{-12.1134, -77.013}"
2849,MVLL Cinco esquinas - FINAL,Surquillo,"La Retaquita
Apenas sintió que el individuo que iba detrás de ella en el ómnibus de Surquillo a
Cinco Esquinas se le pegaba con malas intenciones, la Retaquita sacó la gran aguja
que llevaba prendida en el cinturón.",Valid,Surquillo,"{-12.1134, -77.013}"
2850,MVLL Cinco esquinas - FINAL,Surquillo,"Una ausencia
La Retaquita se preparaba siempre el desayuno frugal de cada día —un café con
leche y una galleta de maicena—, pero hoy, no sabía por qué, tuvo el impulso de
tomarlo en un cafetín de Cinco Esquinas situado frente al paradero del ómnibus que,
cada mañana, luego de media hora o cuarenta y cinco minutos de zangoloteo y
apretones, la llevaba por la larguísima avenida Grau, el Zanjón y la Panamericana
hasta Surquillo, en las vecindades de Destapes.",Valid,Surquillo,"{-12.1134, -77.013}"
2851,MVLL Cinco esquinas - FINAL,Surquillo,"Demoró tres cuartos de hora en llegar al paradero de la Panamericana, en
Surquillo, a pocas cuadras de la calle Dante.",Valid,Surquillo,"{-12.1134, -77.013}"
2852,MVLL Cinco esquinas - FINAL,Surquillo,"La redacción en pleno de Destapes se trasladó a la comisaría de Surquillo, que
estaba a un paso del local de la revista, en la misma calle Dante.",Valid,Surquillo,"{-12.1134, -77.013}"
2853,MVLL Cinco esquinas - FINAL,Surquillo,"—Ustedes presentaron esta tarde una denuncia sobre la desaparición del señor
Rolando Garro, director de Destapes, en la comisaría de Surquillo.",Valid,Surquillo,"{-12.1134, -77.013}"
2854,MVLL Cinco esquinas - FINAL,Surquillo,"A eso de las cinco de la tarde, la Retaquita y Ceferino fueron a tomar lonche a La
Delicia Criolla, donde la señora Mendieta, en la esquina de la calle Irribarren, no
lejos de la comisaría de Surquillo.",Valid,Surquillo,"{-12.1134, -77.013}"
2855,MVLL Cinco esquinas - FINAL,Surquillo,"No en Surquillo, sino lejos de
aquí.",Valid,Surquillo,"{-12.1134, -77.013}"
2856,MVLL Cinco esquinas - FINAL,Teatro Alfonso XIII del Callao,"Su padre le contó a Juan que él estuvo en el Teatro Alfonso XIII del Callao, cuando el cantante Alcides Carreño estrenó en 1930 el más famoso vals de Pinglo, «El Plebeyo».",Valid,Teatro Alfonso XIII del Callao,"{-12.051551957329314, -77.12532591358811}"
2870,MVLL Cinco esquinas - FINAL,Universidad Católica de Lima,"Había fotos de Chabela y de sus dos hijas en una vidriera y del propio Luciano, joven, con túnica y birrete, el día de su graduación en la Universidad Católica de Lima, y otra, más ostentosa, de la ceremonia de su doctorado en Columbia University.",Valid / Corrected,Pontificia Universidad Católica del Perú,"{-12.066304691309606, -77.07797988627321}"
2950,MVLL Cinco esquinas - FINAL,Zanjón,"En el Zanjón, el tráfico era ya muy intenso.",Valid / Corrected,El Zanjón,"{-12.11352241596735, -77.0255141779098}"
2951,MVLL Cinco esquinas - FINAL,Zanjón,Tardó más de media hora en llegar a San Isidro porque el tráfico era ya muy intenso a esa hora en la avenida Javier Prado y en el Zanjón.,Valid / Corrected,El Zanjón,"{-12.11352241596735, -77.0255141779098}"
2952,MVLL Cinco esquinas - FINAL,Zanjón,"Una ausencia La Retaquita se preparaba siempre el desayuno frugal de cada día —un café con leche y una galleta de maicena—, pero hoy, no sabía por qué, tuvo el impulso de tomarlo en un cafetín de Cinco Esquinas situado frente al paradero del ómnibus que, cada mañana, luego de media hora o cuarenta y cinco minutos de zangoloteo y apretones, la llevaba por la larguísima avenida Grau, el Zanjón y la Panamericana hasta Surquillo, en las vecindades de Destapes.",Valid / Corrected,El Zanjón,"{-12.11352241596735, -77.0255141779098}"
